cncpt,sus_activ,forma_farma,cntcn,prese,medicamento_sk
CLONAZEPAM,CLONAZEPAM,Comprimido,2mg,CJA C/30 COMP,1
FLUOXETINA,FLUOXETINA,Tableta,20mg,CJA C/20 TABS,2
FLUOXETINA,FLUOXETINA,Tableta,20mg,CJA C/40 TABS,3
VENLAFAXINA,VENLAFAXINA,CÃ¡psula,75mg,CJA C/20 CAPS,4
ESCITALOPRAM,ESCITALOPRAM,Tableta,10 mg,CJA C/28 TABS,5
HALOPERIDOL SOL. INYECTABLE,HALOPERIDOL SOL. INYECTABLE,Ampolleta,5 mg/mL,AMP PZA,6
OLANZAPINA,OLANZAPINA,Tableta,10mg,CJA/14TABS,7
DOMPERIDONA,DOMPERIDONA,Tableta,10 mg,30 tabletas,8
METFORMINA,METFORMINA,Tableta,850mg,CJA C/30 TABS,9
METOPROLOL,METOPROLOL,Tableta,100mg,CJA C/20 TABS,10
CLINDAMICINA,CLINDAMICINA,CÃ¡psula,300mg,CJA C/16 CAPS,11
PREGABALINA,PREGABALINA,CÃ¡psula,75mg,CJA C/28 CAPS,12
IBUPROFENO,IBUPROFENO,CÃ¡psula,400 mg,CJA C/10 CAPS,13
CLONAZEPAM TABLETAS,CLONAZEPAM TABLETAS,Tableta,2mg,CJA C/30 TABS,14
FLUOXETINA,FLUOXETINA,Tableta,20 mg,CJA C/28 TABS,15
SERTRALINA,SERTRALINA,Tableta,50mg,CJA C/28 TABS,16
LACTULOSA,LACTULOSA,Frasco,66.66g/100ml,FCO C/125ml,17
SERTRALINA,SERTRALINA,Tableta,50mg,CJA C/14 TABS,18
PALIPERIDONA,PALIPERIDONA,Microjeringa,100mg,CJA C/ 1 MICROJERINGA,19
PALIPERIDONA,PALIPERIDONA,Jeringa,150 mg,CJA/1 JERINGA PRELLENADA,20
PARACETAMOL,PARACETAMOL,Tableta,500mg,CJA C/10 TABS,21
QUETIAPINA,QUETIAPINA,Tableta,25 mg,CJA C/30 TABS,22
LORAZEPAM,LORAZEPAM,Tableta,1mg,CJA C/40 TABS,23
CLONAZEPAM,CLONAZEPAM,Frasco,2.5mg,FCO C/10ml,24
DESVENLAFAXINA,DESVENLAFAXINA,Tableta,100mg,CJA/28 TABS,25
VENLAFAXINA,VENLAFAXINA,CÃ¡psula,75mg,CJA C/10 CAPSULAS,26
QUETIAPINA,QUETIAPINA,Tableta,300mg,CJA C/30 TABS,27
HALOPERIDOL TABLETAS,HALOPERIDOL TABLETAS,Tableta,5 mg,CJA C/20 TABS,28
QUETIAPINA,QUETIAPINA,Tableta,100mg,CJA C/60 TABS,29
LEVOTIROXINA,LEVOTIROXINA,Tableta,50mg,CJA C/50 TABS,30
NITROFURANTOINA,NITROFURANTOINA,Tableta,100mg,CJA C/40 TABS,31
MELOXICAM,MELOXICAM,Tableta,15mg,CJA C /10,32
LANSOPRAZOL,LANSOPRAZOL,CÃ¡psula,30 mg,CJA C/14 CAPS,33
AGUA 5ML,AGUA 5ML,Ampolleta,5ml,AMP PZA,34
RISPERIDONA,RISPERIDONA,Tableta,2 mg,CJA C/40 TABS,35
ATORVASTATINA,ATORVASTATINA,Tableta,20mg,CJA C/10 TABS,36
MIRTAZARPINA,MIRTAZARPINA,Tableta,30mg,CJA C/30 TABS,37
HALOPERIDOL,HALOPERIDOL,Tableta,5mg,CJA C/20 TABS,38
CLOZAPINA,CLOZAPINA,Tableta,100mg,CJA C/30 TABS,39
LOSARTAN,LOSARTAN,Tableta,50 MG,CJA C/30 TABS,40
ZOLPIDEM,ZOLPIDEM,Tableta,10mg,CJA C/30 TABS,41
FAMOTIDINA,FAMOTIDINA,Comprimido,40mg,CJA C/10 COMP,42
ARIPIPRAZOL,ARIPIPRAZOL,Tableta,15 mg,CJA C/20 TABS,43
NITAZOXANIDA,NITAZOXANIDA,Tableta,500mg,CJA C/6 TABS,44
TOPIRAMATO,TOPIRAMATO,Tableta,100mg,CJA C/60 TABS,45
ALPRAZOLAM,ALPRAZOLAM,Tableta,0.50 mg,CJA C/30 TABS,46
SULPIRIDE,SULPIRIDE,Tableta,200 mg,CJA C/20 TABS,47
VALPROATO SEMISDICO,VALPROATO SEMISDICO,Tableta,250 mg,CJA C/30 TABS,48
BEZAFIBRATO,BEZAFIBRATO,Tableta,200mg,CJA C/30 TABS,49
DIAZEPAM,DIAZEPAM,Ampolleta,10mg/2ml,AMP PZA,50
DULOXETINA,DULOXETINA,CÃ¡psula,60 mg,CJA C/14 CAPS,51
MELATONINA,MELATONINA,Tableta,5mg,CJA C/30 TABS,52
ESPIRONOLACTONA,ESPIRONOLACTONA,Tableta,25 mg,CJA C/20 TABS,53
FENITOINA SODICA,FENITOINA SODICA,Tableta,100mg,CJA C/50 TABS,54
PREGABALINA,PREGABALINA,Tableta,75mg,CJA C/28 CAPS,55
PRAZOSINA,PRAZOSINA,CÃ¡psula,2 mg,CJA C/30 CAPS,56
RIVAROXABAN,RIVAROXABAN,Comprimido,20mg,CJA C/28 COMP,57
TACROLIMUS,TACROLIMUS,Tubo,0.1% Por ciento,TUBO C/30 grs,58
AMITRIPTILINA,AMITRIPTILINA,Tableta,25mg,CJA C/20 TABS,59
OXCARBAZEPINA,OXCARBAZEPINA,Tableta,600mg,CJA C/20 TABS,60
KETOROLACO,KETOROLACO,Tableta,10 mg,CAJA/10 TABS,61
SERTRALINA,SERTRALINA,CÃ¡psula,50mg,CJA C/28 TABS,62
DULOXETINA,DULOXETINA,CÃ¡psula,30 mg,CJA C/7 TABS,63
IBUPROFENO,IBUPROFENO,Tableta,400 mg,CJA C/10 TABS,64
ESPIRONOLACTONA,ESPIRONOLACTONA,Tableta,25mg,CJA C/30 TABS,65
CINITAPRIDA,CINITAPRIDA,Comprimido,1 mg,CJA C/25 COMP,66
MEDROXIPROGESTERONA,MEDROXIPROGESTERONA,Tableta,10 MG,CJA C/ 10 TAB,67
DULOXETINA,DULOXETINA,CÃ¡psula,30 mg,CJA C/28 CAPS,68
CLORHIDRATO DE BUPROPION,CLORHIDRATO DE BUPROPION,Tableta,150mg,FCO C/40 TABS,69
CLONAZEPAM,CLONAZEPAM,Ampolleta,2.5mg,FCO C/10ml,70
NITROFURANTOINA,NITROFURANTOINA,CÃ¡psula,100 mg,CJA C/40 CAPS,71
VALPROATO DE MAGNESIO,VALPROATO DE MAGNESIO,Tableta,600mg,CJA C/20 TABS,72
MEBENDAZOL,MEBENDAZOL,Tableta,100mg,CJA C/6 TABS,73
TACROLIMUS,TACROLIMUS,Crema,0.1% Por ciento,TUBO C/30 grs,74
SULFADIACINA DE PLATA MICRONIZADA,SULFADIACINA DE PLATA MICRONIZADA,Crema,1% Por ciento,TUBO C/30grs,75
FENAZOPIRIDINA,FENAZOPIRIDINA,Tableta,100 mg,CJA C/20 TABS,76
PANTOPRAZOL,PANTOPRAZOL,Gragea,40mg,CJA C/14 GRAG,77
HALOPERIDOL,HALOPERIDOL,Ampolleta,5mg,AMP PZA,78
CITRATO DE SODIO/ LAURIL SULFOACETATO,CITRATO DE SODIO/ LAURIL SULFOACETATO,Microenema,90mg/9mg,CJA C/4 MICROENEMAS,79
CISAPRIDA,CISAPRIDA,Tableta,10mg,CJA C/30 TABS,80
SOL. SALINA ISOTONICA,SOL. SALINA ISOTONICA,Ampolleta,SOLUCION,FCO C/100ml,81
BIPERIDENO,BIPERIDENO,Tableta,2mg,CJA C/30 TABS,82
AGUA 3ML,AGUA 3ML,Ampolleta,3ml,AMP PZA,83
VALPROATO DE MAGNESIO,VALPROATO DE MAGNESIO,Tableta,400mg,CJA. C/20 TABS,84
HIERRO AMINOQUELADO CIDO FLICO,HIERRO AMINOQUELADO CIDO FLICO,Tableta,30 mg / 0.500 mg,CJA C/30 TABS,85
RIVAROXABN,RIVAROXABN,Comprimido,10 MG,CJA C/ 30 COMP,86
MULTIVITAMINICO INFANTIL,MULTIVITAMINICO INFANTIL,Ampolleta,VITAMINAS Y MINERALES,FCO C/100ml,87
METILFENIDATO,METILFENIDATO,Tableta,36mg,CJA C/30 TABS,88
VALPROATO SEMISODICO,VALPROATO SEMISODICO,Comprimido,500mg,CJA C/30 COMP,89
PREDNISONA,PREDNISONA,Tableta,5mg,CJA C/20 TABS,90
CLORHIDRATO DE PRAZOSINA,CLORHIDRATO DE PRAZOSINA,CÃ¡psula,1mg,CJA/30 CAPS,91
CLOTRIMAZOL,CLOTRIMAZOL,Ãvulo,500mg,CJA C/1 OVULO,92
HIPOCLORITO DE SODIO,HIPOCLORITO DE SODIO,Ampolleta,SOLUCION,FCO C/120 ML,93
NEOMICINA CAOLIN PECTINA,NEOMICINA CAOLIN PECTINA,Tableta,129MG/280 MG/ 30 MG/,CJA C/10 TABS,94
METOCARBAMOL IBUPROFENO,METOCARBAMOL IBUPROFENO,Tableta,300 mg / 300 mg,CJA C/10 TABS,95
LEVETIRACETAM,LEVETIRACETAM,Tableta,500 mg,CJA C/60 TABS,96
QUETIAPINA,QUETIAPINA,Tableta,300mg,CJA/30 TABS,97
TIAMAZOL,TIAMAZOL,Tableta,5mg,CJA C/20 TABS,98
DROSPIRENONA-ETINILESTRADIOL,DROSPIRENONA-ETINILESTRADIOL,Gragea,3mg-0.03mg,CJA C/21 GRAG,99
METFORMINA,METFORMINA,Tableta,500 mg,CJA/60 TABS,100
TOCOFEROL,TOCOFEROL,CÃ¡psula,400mg,FCO C/30 CAPS,101
MESALAZINA,MESALAZINA,Tableta,500 MG,CJA C/ 40 TABS,102
ATOMOXETINA,ATOMOXETINA,CÃ¡psula,10 mg,CJA/14 CAPS,103
PAROXETINA,PAROXETINA,Tableta,20mg,CJA C/20 TABS,104
BUPROPIN,BUPROPIN,Tableta,150 mg,CJA C/30 TABS,105
BENZONATATO,BENZONATATO,Tableta,100 MG,TABS/20,106
TIAMAZOL,TIAMAZOL,Tableta,5mg,CJA C/60 TABS,107
GASA ESTERIL DESECHABLE C/100 PIEZAS,GASA ESTERIL DESECHABLE C/100 PIEZAS,Caja,BAS040521,31/12/2027,108
FLUOXETINA,FLUOXETINA,Tableta,20mg,CJA C/14 TABS,109
TELMISARTAN/HIDROCLOROTIAZIDA,TELMISARTAN/HIDROCLOROTIAZIDA,Tableta,80 MG/12.5 MG,CJA C/ 28 TABS,110
COLECALCIFEROL,COLECALCIFEROL,Tableta,4000 UI,CJA C/ 60 TAB,111
PERFENAZINA,PERFENAZINA,Tableta,10mg,CJA C/20 TABS,112
PROPANOLOL,PROPANOLOL,Tableta,40mg,CJA C/30 TABS,113
MULTIVITAMINICO INFANTIL,MULTIVITAMINICO INFANTIL,Frasco,VITAMINAS Y MINERALES,FCO C/100ml,114
OXCARBAZEPINA,OXCARBAZEPINA,Tableta,300mg,CJA C/20 TABS,115
ESTRIOL,ESTRIOL,Crema,1mg,TUBO C/15gr,116
BROMURO DE PINAVERIO/DIMETICONA,BROMURO DE PINAVERIO/DIMETICONA,CÃ¡psula,100 MG/ 300 MG,CJA C/32 CAPS,117
LEVOFLOXACINO,LEVOFLOXACINO,Tableta,750mg,CJA C/5 TABS,118
ARIPIPRAZOL,ARIPIPRAZOL,Tableta,15 mg,CJA/10 TABS,119
CLONAZEPAM,CLONAZEPAM,Tableta,2mg,CJA C/30 TABS,120
DESVENLAFAXINA,DESVENLAFAXINA,Tableta,50mg,CJA C/28 TABS,121
ZOLPIDEM,ZOLPIDEM,Tableta,10mg,CJA C/10 TABS,122
HIDROXIDO DE ALUMINIO/HIDROXIDO DE MAGNESIO/DIMETICONA,HIDROXIDO DE ALUMINIO/HIDROXIDO DE MAGNESIO/DIMETICONA,Tableta,200mg/200mg/25mg,CJA C/30 TABS,123
FLUVOXAMINA,FLUVOXAMINA,Tableta,100mg,CJA C/30 TABS,124
LEVOTIROXINA SODICA,LEVOTIROXINA SODICA,Tableta,100mcg,CJA/100 TABS,125
LEVONORGESTREL/ETINILESTRADIOL,LEVONORGESTREL/ETINILESTRADIOL,Tableta,0.15 MG/0.03 MG,CJA C/ 21 TAB,126
HIDROXICLOROQUINA,HIDROXICLOROQUINA,Tableta,200 MG,CJA C/ 20 TABS,127
AMITRIPTILINA,AMITRIPTILINA,Tableta,25mg,CJA C/50 TABS,128
GABAPENTINA,GABAPENTINA,CÃ¡psula,300 mg,C/30 CAPS,129
LORAZEPAM,LORAZEPAM,Tableta,2 mg,CJA C/40 TABS,130
MELOXICAM,MELOXICAM,Tableta,15mg,CJA C/10 TABS,131
SENOSIDOS AB,SENOSIDOS AB,Tableta,8.6 mg,CJA C/60 TABS,132
DECANOATO DE HALOPERIDOL,DECANOATO DE HALOPERIDOL,Ampolleta,50mg,CJA C/1 AMP,133
ARIPIPRAZOL,ARIPIPRAZOL,Tableta,15 MG,CJA C/30 TABS,134
FLUVOXAMINA,FLUVOXAMINA,Tableta,100mg,CJA C/15 TABS,135
MELOXICAM,MELOXICAM,Tableta,15 mg,CJA/10 TABS,136
CEFTRIAXONA,CEFTRIAXONA,Ampolleta,1grs,CJA C/1 AMP,137
QUETIAPINA,QUETIAPINA,Tableta,50 MG,CJA C/ 30 TABS,138
PALIPERIDONA,PALIPERIDONA,Jeringa,100mg,CJA C/ 1 MICROJERINGA,139
PALIPERIDONA,PALIPERIDONA,Jeringa,75 mg,CJA C/ 1JER. PRE.,140
CARBONATO DE LITIO,CARBONATO DE LITIO,Tableta,300mg,CJA C/50 TABS,141
METILFENIDATO,METILFENIDATO,Tableta,54mg,CJA C/30 TABS,142
FLUNARIZINA,FLUNARIZINA,Tableta,5 mg,CJA C/40 TABS,143
VALPROATO SEMISODICO,VALPROATO SEMISODICO,Tableta,500mg,CJA C/60 TABS,144
CAPTOPRIL,CAPTOPRIL,Tableta,25mg,FCO C/30 TABS,145
METOCLOPRAMIDA,METOCLOPRAMIDA,Tableta,10mg,CJA C/20 TABS,146
ENALAPRIL,ENALAPRIL,Tableta,10mg,CJA C/30 TABS,147
SULINDACO,SULINDACO,Tableta,200mg,CJA C/20 TABS,148
GABAPENTINA,GABAPENTINA,CÃ¡psula,300mg,CJA/15CPS,149
ALOPURINOL,ALOPURINOL,Tableta,300mg,CJA C/20 TABS,150
CARBAMAZEPINA,CARBAMAZEPINA,Frasco,2g/100 ML,FCO 120 ML,151
MICONAZOL,MICONAZOL,Crema,2% Por ciento,TUBO C/20grs,152
NITROFURANTOINA,NITROFURANTOINA,CÃ¡psula,100mg,CJA C/40 CAPS,153
FUROSEMIDA,FUROSEMIDA,Tableta,40mg,CJA C/20 TABS,154
DIFENIDOL,DIFENIDOL,Tableta,25mg,CJA C/30 TABS,155
TRIMETOPRIMA /SULFAMETOXAZOL,TRIMETOPRIMA /SULFAMETOXAZOL,Tableta,80mg/400mg,CJA C/20 TABS,156
NISTATINA,NISTATINA,Tableta,100 000 UI,CJA/12 TABS vaginales,157
CLORANFENICOL,CLORANFENICOL,SoluciÃ³n,5 mg/ml,SOLUCION OFTALMICA/15 ml,158
ERGOTAMINA/CAFEINA,ERGOTAMINA/CAFEINA,Tableta,1mg/100mg,CJA C/20 COMP- GRAG O TABS,159
CLOROPIRAMINA,CLOROPIRAMINA,Gragea,25mg,CJA C/20 GRAG,160
DIETA POLIMERICA A BASE DE CASEINATO DE CALCIO,DIETA POLIMERICA A BASE DE CASEINATO DE CALCIO,Bolsa,400 g,BOLSA,161
RISPERIDONA,RISPERIDONA,Tableta,1mg,CJA C/20 TABS,162
BREXPIPRAZOL,BREXPIPRAZOL,Tableta,0.5mg,CJA C/7 TABS,163
ESOMEPRAZOL,ESOMEPRAZOL,Tableta,40 mg,CJA/28 TABS,164
BUDESONIDA/FORMOTEROL,BUDESONIDA/FORMOTEROL,SoluciÃ³n,160 mcg/ 45mcg,INALADOR C/60 DOSIS,165
BREXPIPRAZOL,BREXPIPRAZOL,Tableta,1mg,CJA C/28 TABS,166
DICLOFENACO SODICO,DICLOFENACO SODICO,Tableta,100mg,CJA C/20 TABS,167
MIRTAZAPINA,MIRTAZAPINA,Tableta,30 mg,CJA/30 TABS,168
LORATADINA,LORATADINA,Tableta,10mg,CJA C/20 TABS,169
AMOXICILINA/AC. CLAVULANICO,AMOXICILINA/AC. CLAVULANICO,Tableta,875 mg/125 mg,CJA C/10 TABS,170
METRONIDAZOL,METRONIDAZOL,Tableta,500 mg,CJA/30 TABS,171
MUPIROCINA,MUPIROCINA,Crema,2% Por ciento,CAJA/TUBO 15 g,172
FLUCONAZOL,FLUCONAZOL,CÃ¡psula,100 mg,FCO C/10 CAPS,173
CIPROFLOXACINO,CIPROFLOXACINO,Tableta,250 MG,CJA C/ 8 TABLETAS,174
HIDROCLORURO DE NALOXONA,HIDROCLORURO DE NALOXONA,Ampolleta,0.4mg/ml,AMP PZA,175
AMBROXOL,AMBROXOL,Tableta,30mg,CJA C/20 TABS,176
LIDOCAINA,LIDOCAINA,SoluciÃ³n,10% Por ciento,FCO ATOMIZADOR C/115ml,177
CLOZAPINA,CLOZAPINA,Comprimido,100 mg,CJA C/50 COMP,178
TRIHEXIFENIDILO,TRIHEXIFENIDILO,Tableta,5mg,CJA C/50 TABS,179
LUBRICANTE,LUBRICANTE,Crema,sin dato,TUBO C/100grs,180
APIXABAN,APIXABAN,Tableta,5mg,CJA C/20 TABS,181
IBUPROFENO,IBUPROFENO,Tableta,400 mg,CJA C/10 CAPS,182
LINAGLIPTINA/METFORMINA,LINAGLIPTINA/METFORMINA,Tableta,2.5mg/1000mg,CJA C/60 TABS,183
TIOTROPIO- BROMURO DE,TIOTROPIO- BROMURO DE,SoluciÃ³n,0.226mg/1ml,CJA C/1 CARTUCHO 4ml + DOSIFICADOR,184
TENECTEPLASA,TENECTEPLASA,Ampolleta,50mg (10-000U),CJA C/FCO AMP 50mg + JERINGA C/10ml AGUA,185
ELECTROLITOS ORALES,ELECTROLITOS ORALES,SoluciÃ³n,SOLUCION ORAL,FCO C/625ML,186
FLUVOXAMINA,FLUVOXAMINA,Tableta,100 mg,CJA C/30 TABS,187
ALTEPLASA,ALTEPLASA,Ampolleta,50mg,CJA C/2 FCO AMP LIOFILIZADO,188
RACECADITRIL,RACECADITRIL,CÃ¡psula,100mg,CJA C/9 CAPS,189
ELECTROLITOS ORALES,ELECTROLITOS ORALES,Frasco,SOLUCION ORAL,FCO C/625ML,190
ESPORAS DE BACILLUS CLAUSII,ESPORAS DE BACILLUS CLAUSII,Ampolleta,2 billones UFC,CJA C/10 AMP,191
BREXPIPRAZOL,BREXPIPRAZOL,Tableta,2 MG,CJA C/ 28 TABS,192
MULTIVITAMINICO,MULTIVITAMINICO,Tableta,C/ZINC,CJA C/30 TABS,193
DEXLANSOPRAZOL,DEXLANSOPRAZOL,CÃ¡psula,60mg,CJA C/14 CAPS,194
ALPRAZOLAM,ALPRAZOLAM,Tableta,0.5 mg,CJA/30 TABS,195
CITALOPRAM,CITALOPRAM,Tableta,20mg,CJA C/14 TABS,196
TIAMINA- CIANOCOBALAMINA,TIAMINA- CIANOCOBALAMINA,Pieza,50-000UI,CJA C/5 JERINGAS,197
TOPIRAMATO,TOPIRAMATO,Tableta,25 mg,FCO C/60 TABS,198
HIDROXINA,HIDROXINA,Gragea,10mg,CAJA C/30 GRAG,199
RISPERIDONA,RISPERIDONA,Ampula,25mg,FCO AMPULA,200
BUTILHIOSCINA/ METAMIZOL SDICO,BUTILHIOSCINA/ METAMIZOL SDICO,Gragea,10 mg/ 250mg,CJA C/10 GRAG,201
SERRATIOPEPTIDASA,SERRATIOPEPTIDASA,Tableta,5MG,CJA C/ 30 TAB,202
KETOROLACO,KETOROLACO,Tableta,30 mg,CJA C/30 TAB SL,203
TOPIRAMATO,TOPIRAMATO,Tableta,100mg,CJA C/20 TABS,204
SULFADIAZINA DE PLATA,SULFADIAZINA DE PLATA,Tarro,1.0 GR,TARRO C/30 GR,205
MICRODACYN,MICRODACYN,Frasco,S/C,FCO C/ 60 ML,206
ESTERES ETILICOS DE ACIDOS GRASOS DE OMEGA-3,ESTERES ETILICOS DE ACIDOS GRASOS DE OMEGA-3,CÃ¡psula,1000mg,CJA/28CAPS,207
NITAZOXANIDA,NITAZOXANIDA,Gragea,500mg,CJA C/6 GRAG,208
ALPRAZOLAM,ALPRAZOLAM,Tableta,0.25mg,CJA C/30 TABS,209
CLORURO DE SODIO,CLORURO DE SODIO,Frasco,0.9% Por ciento,FCO C/1000ml,210
CLORURO DE SODIO,CLORURO DE SODIO,Frasco,0.9% Por ciento,FCO C/500ml,211
CLORURO DE SODIO,CLORURO DE SODIO,Frasco,0.9% Por ciento,FCO C/250ml,212
OXITETRACICLINA/POLIMIXINA B,OXITETRACICLINA/POLIMIXINA B,Tubo,0.005 GR/ 10 000 U,TUBO C/ 10 GR,213
DEXTROSA,DEXTROSA,Frasco,50% Por ciento,FCO C/50ml,214
QUETIAPINA,QUETIAPINA,Tableta,100 mg,CJA C/30 TABS,215
ATOMOXETINA,ATOMOXETINA,CÃ¡psula,60 mg,CJA C/14 CAPS,216
METRONIDAZOL/NISTATINA,METRONIDAZOL/NISTATINA,Ãvulo,500mg,CJA C/10 OVULOS,217
TOPIRAMATO,TOPIRAMATO,Tableta,100mg,CJA/20 TABS,218
LEVETIRACETAM,LEVETIRACETAM,Tableta,500mg,CJA C/60 TABS,219
CLONAZEPAM,CLONAZEPAM,SoluciÃ³n,2.5mg,FCO C/10ml,220
DULOXETINA,DULOXETINA,Tableta,30 mg,CJA C/7 TABS,221
COMPLEJO B,COMPLEJO B,Tableta,MULTIVITAMINICO,CJA C/30 TABS,222
LACTULOSA,LACTULOSA,Jarabe,JARABE,FCO C/250ML,223
CARBONATO DE CALCIO/COLECALCIFEROL,CARBONATO DE CALCIO/COLECALCIFEROL,Tableta,600mg/2.8mg,CJA C/60 TABS,224
LOSARTN/AMLODIPINO,LOSARTN/AMLODIPINO,CÃ¡psula,100 mg/ 5 mg,CAJA C/30 CÃPS,225
NEOMICINA/PECTINA/CAOLIN,NEOMICINA/PECTINA/CAOLIN,Tableta,129mg/30mg/280mg,CJA C/20 TABS,226
CARBAMAZEPINA,CARBAMAZEPINA,Tableta,200mg,CJA C/20 TABS,227
ANTISEPTICO ORAL,ANTISEPTICO ORAL,SoluciÃ³n,SOLUCION,FCO C/9.7 ML,228
HIDROXICINA,HIDROXICINA,Tableta,10mg,CJA C/30 TABS,229
VALPROATO DE MAGNESIO,VALPROATO DE MAGNESIO,Tableta,600mg,CJA C/30 TABS,230
TOPIRAMATO,TOPIRAMATO,Tableta,25mg,CJA C/20 TABS,231
HIPOCLORITO DE SODIO,HIPOCLORITO DE SODIO,SoluciÃ³n,SOLUCION,FCO C/120 ML,232
ATORVASTATINA,ATORVASTATINA,Tableta,10 mg,CJA C/20 TABS,233
LAMOTRIGINA,LAMOTRIGINA,Tableta,100 mg,CJA C/28 TABS DISPERSABLES,234
LACTULOSA,LACTULOSA,SoluciÃ³n,66.66g/100ml,FCO C/125ml,235
MIRTAZAPINA,MIRTAZAPINA,Tableta,15mg,CJA C/10 TABS,236
NAPROXENO,NAPROXENO,Tableta,250mg,CJA C/30 TABS,237
CIANOCOBALAMINA/TIAMINA/PIRIDOXINA,CIANOCOBALAMINA/TIAMINA/PIRIDOXINA,CÃ¡psula,250mcg/100mg/50mg,CJA C/30 CAPS,238
BUTILHIOSCINA,BUTILHIOSCINA,Tableta,10mg,CJA C/10 TABS,239
TAMSULOSINA,TAMSULOSINA,CÃ¡psula,0.4mg,CJA C/20 CAPS,240
NAPROXENO,NAPROXENO,Tableta,500mg,CJA C/12 TABS,241
ESOMEPRAZOL,ESOMEPRAZOL,Tableta,40mg,CJA C/14 TABS,242
SULPIRIDE,SULPIRIDE,Tableta,200mg,CJA C/20 TABS,243
ACICLOVIR,ACICLOVIR,Tableta,400 mg,CJA/35 TABS,244
ESPORAS DE BACILLUS CLAUSII,ESPORAS DE BACILLUS CLAUSII,Ampolleta,4 BILLONES UFC,CAJA C/10 AMPOLLETAS,245
PALIPERIDONA,PALIPERIDONA,SoluciÃ³n,100mg,CJA C/ 1 MICROJERINGA,246
PALIPERIDONA,PALIPERIDONA,SoluciÃ³n,75 mg,CJA C/ 1JER. PRE.,247
FUMARATO FERROSO,FUMARATO FERROSO,Tableta,200 mg.,50 tabletas,248
CARBAMAZEPINA,CARBAMAZEPINA,SoluciÃ³n,2g/100 ML,FCO 120 ML,249
CAPTOPRIL,CAPTOPRIL,SoluciÃ³n,25mg,FCO C/30 TABS,250
LOSARTAN,LOSARTAN,Gragea,50mg,CJA C/30 GRAG,251
ATROPINA,ATROPINA,Ampolleta,1mg/ml,AMP PZA,252
DESMOPRESINA,DESMOPRESINA,Ampolleta,15 mcg/ ml,AMPOLLETA,253
PALIPERIDONA,PALIPERIDONA,SoluciÃ³n,150 mg,CJA/1 JERINGA PRELLENADA,254
CARBONATO DE CALCIO/COLECALCIFEROL,CARBONATO DE CALCIO/COLECALCIFEROL,Tableta,600 mg/400 UI,FCO C/30 TABS,255
FLUOXETINA,FLUOXETINA,CÃ¡psula,20 mg,CJA C/28 TABS,256
DULOXETINA,DULOXETINA,Tableta,60mg,CJA C/14 TABS,257
DIFENIDOL,DIFENIDOL,Ampolleta,40mg,CJA C/2 AMP,258
NITAZOXANIDA,NITAZOXANIDA,Tableta,500 mg,CJA/6 TABS,259
PIRIDOSTIGMINA,PIRIDOSTIGMINA,Tableta,60 mg,20 TABSM,260
LACOSAMIDA,LACOSAMIDA,Tableta,100mg,CJA/28 TABS,261
CLONAZEPAM,CLONAZEPAM,Tableta,2mg,CJA C/60 TABS,262
IMIPRAMINA,IMIPRAMINA,Tableta,25mg,CJA C/20 TABS,263
GLIBENCLAMIDA,GLIBENCLAMIDA,Tableta,5 mg,CJA C/50 TABS,264
METFORMINA,METFORMINA,Tableta,850 mg,CJA C/30 TABS,265
ELECTROLITOS ORALES,ELECTROLITOS ORALES,Polvo,POLVO,SOBRE C/ 20.5 G,266
PRAZOSINA,PRAZOSINA,CÃ¡psula,1mg,C/30 TABS O CAPS,267
VALPROATO SEMISODICO,VALPROATO SEMISODICO,Comprimido,250 mg,FCO C/30 COMP,268
SENOSIDOS AB,SENOSIDOS AB,Tableta,8.6mg,CJA/20TABS,269
AGUA 500ML,AGUA 500ML,SoluciÃ³n,ESTERIL,FCO C/500ml,270
RISPERIDONA,RISPERIDONA,Tableta,2mg,CJA C/20 TABS,271
PROPRANOLOL,PROPRANOLOL,Tableta,40mg,CJA C/30 TABS,272
TERBINAFINA,TERBINAFINA,Crema,1 g / 100 g,TUBO C/30 g,273
LAMOTRIGINA,LAMOTRIGINA,Tableta,100mg,CJA C/28 TABS,274
VALPROATO DE MAGNESIO,VALPROATO DE MAGNESIO,Tableta,200 mg,CJA C/ 40 TABS,275
QUETIAPINA,QUETIAPINA,Tableta,50mg,CJA/30 TABS,276
ATOMOXETINA,ATOMOXETINA,CÃ¡psula,25 mg,CJA C/14 CAPS,277
DIFENIDOL,DIFENIDOL,Ampolleta,40mg,AMP PZA,278
OMEPRAZOL,OMEPRAZOL,CÃ¡psula,40 MG,CJA/14 CAPS,279
LINAGLIPTINA,LINAGLIPTINA,Tableta,5mg,CJA C/30 TABS,280
OLANZAPINA,OLANZAPINA,Tableta,10mg,CAJA C/14 TABS,281
LEVOTIROXINA SODICA,LEVOTIROXINA SODICA,Tableta,100mcg,CJA C/50 TABS,282
ATORVASTATINA,ATORVASTATINA,Tableta,40mg,CJA C/10 TABS,283
TRAMADOL,TRAMADOL,Tableta,100 mg,CJA C/10 TABS,284
PLANTAGO PSYLLIUM,PLANTAGO PSYLLIUM,Polvo,POLVO,CJA C/400grs,285
TELMISARTAN,TELMISARTAN,Tableta,40 mg,CJA C/30 TABS,286
ISOSORBIDA,ISOSORBIDA,Tableta,5mg,CJ C/20TABS,287
PARACETAMOL,PARACETAMOL,Tableta,500mg,CJA C/20 TABS,288
METOCARBAMOL/IBUPROFENO,METOCARBAMOL/IBUPROFENO,Tableta,500mg/200mg,CJA C/24 TABS,289
PROPRANOLOL,PROPRANOLOL,Tableta,40mg,CJA/30 TABS,290
DONEPEZILO,DONEPEZILO,Tableta,10 mg,CJA/28 TABS,291
ATOMOXETINA,ATOMOXETINA,CÃ¡psula,40mg,CJA C/14 CAPS,292
TAMSULOSINA,TAMSULOSINA,CÃ¡psula,0.4mg,CJA C/30 CAPS,293
CLORHIDRATO DE HIDROXIZINA,CLORHIDRATO DE HIDROXIZINA,Tableta,25 mg,CJA. C/25 TAB.,294
PRAMIPEXOL,PRAMIPEXOL,Tableta,0.5mg,CJA C/30 TABS,295
BROMURO DE PINAVERIO- DIMETICONA,BROMURO DE PINAVERIO- DIMETICONA,CÃ¡psula,100 mg/ 300 mg,CJA/16 CAPS,296
VENLAFAXINA,VENLAFAXINA,CÃ¡psula,150 mg,CJA C/10 CAPS,297
ARIPIPRAZOL,ARIPIPRAZOL,Tableta,15mg,CJA C/20 TABS,298
FENITOINA SODICA,FENITOINA SODICA,Ampolleta,250 mg /5 ML,CJA. C/ AMP /5 ML,299
CLORURO DE POTASIO,CLORURO DE POTASIO,Ampolleta,1.49 g/ 10 ml,AMP/PZA C/10 ML,300
HIDROCORTISONA,HIDROCORTISONA,SoluciÃ³n,100mg/2ml,FCO AMP,301
DEXAMETASONA,DEXAMETASONA,Ampolleta,8mg/2ml,CJA C/1AMP,302
AMINOFILINA,AMINOFILINA,Ampolleta,250mg/10 ml,AMP PZA,303
IRBESARTAN,IRBESARTAN,Tableta,300 MG,CJA/28 TABS,304
CISAPRIDA,CISAPRIDA,Tableta,5 mg,CJA C/30 TABS,305
ESTREPTOMICINA,ESTREPTOMICINA,SoluciÃ³n,1 g,FCO C/2 ML DILUYENTE,306
ADENOSINA,ADENOSINA,Ampolleta,6MG/ 2 ML,AMP PZA,307
GLUCOSA 5 EN SOLICION SALINA FISIOLOGICA,GLUCOSA 5 EN SOLICION SALINA FISIOLOGICA,SoluciÃ³n,5%/0.9%,FCO C/500ml,308
NACL/KCL/CACL/LACTATO NA,NACL/KCL/CACL/LACTATO NA,SoluciÃ³n,600 / 30 / 20 / 310 mg.,FCO. C/1000 ml,309
CLONIXINATO DE LISINA,CLONIXINATO DE LISINA,Ampolleta,100mg/2ml,AMP PZA,310
FUROSEMIDA,FUROSEMIDA,Ampolleta,20mg/2ml,CJA C/5 AMP,311
GLICERINA,GLICERINA,Supositorio,2632mg,CJA C/20 SUPOSITORIOS,312
CLORURO DE SODIO,CLORURO DE SODIO,SoluciÃ³n,0.9% Por ciento,FCO C/500ml,313
LIDOCANA,LIDOCANA,Ampolleta,2% Por ciento,FCO AMP C/50ml,314
PRAMIPEXOL,PRAMIPEXOL,Tableta,0.5MG,CJA C/ 30 TABS,315
DIETA POLIMERICA A BASE DE CASEINATO DE CALCIO,DIETA POLIMERICA A BASE DE CASEINATO DE CALCIO,Polvo,400 g,BOLSA,316
CIPROHEPTADINA/CIANOCOBALAMINA,CIPROHEPTADINA/CIANOCOBALAMINA,S,40mg/300mcg,FCO C/210mL,317
AMIODARONA,AMIODARONA,Ampolleta,150 MG/ 3ML,AMP PZA,318
CLORURO DE SODIO,CLORURO DE SODIO,SoluciÃ³n,0.9% Por ciento,FCO C/1000ml,319
ESCITALOPRAM,ESCITALOPRAM,Tableta,10mg,CJA C/14 TABS,320
METILFENIDATO,METILFENIDATO,Tableta,36 mg,CJA C/30 TABS,321
PAROXETINA,PAROXETINA,Tableta,20mg,CJA C/10TABS,322
CLONIXINATO DE LISINA/CICLOBENZAPRINA,CLONIXINATO DE LISINA/CICLOBENZAPRINA,Tableta,125mg/5mg,CJA C/20 TABS,323
CIPROFLOXACINO/ FLUOCINOLONA,CIPROFLOXACINO/ FLUOCINOLONA,SoluciÃ³n,3 mg/ 0.25mg,FCO C/10ml,324
EZETIMIBA- SIMVASTATINA,EZETIMIBA- SIMVASTATINA,Tableta,10 MG/20 MG,CJA C/ 28 TAB,325
BROMURO DE PINAVERIO/DIMETICONA,BROMURO DE PINAVERIO/DIMETICONA,CÃ¡psula,100/ 300MG,CJA C/ 16 CAPS,326
FLUOXETINA,FLUOXETINA,CÃ¡psula,20mg,ENVASE C/28 CAPS O TABS,327
ACIDO FLICO,ACIDO FLICO,Tableta,5 mg,FCO C/92 TABS,328
COLECALCIFEROL,COLECALCIFEROL,CÃ¡psula,100 000 UI,CJA C/1 CAP,329
BROMURO DE PINAVERIO/DIMETICONA,BROMURO DE PINAVERIO/DIMETICONA,CÃ¡psula,100 MG/300 MG,CJA C/ 28 CAPS,330
CIPROHEPTADINA/CIANOCOBALAMINA,CIPROHEPTADINA/CIANOCOBALAMINA,SoluciÃ³n,40mg/300mcg,FCO C/210mL,331
LOPERAMIDA,LOPERAMIDA,Tableta,2mg,CJA C/12 TABS,332
TRAMADOL/PARACETAMOL,TRAMADOL/PARACETAMOL,Tableta,37.5 mg/325 mg,CJA C/20 TABS,333
CLORURO DE SODIO,CLORURO DE SODIO,SoluciÃ³n,0.9% Por ciento,FCO C/250ml,334
MODAFINILO,MODAFINILO,Tableta,200mg,CJA C/7 TABS,335
MOMETASONA,MOMETASONA,Crema,0.1% Por ciento,TUBO C/30 GR,336
HIDROCLOROTIAZIDA,HIDROCLOROTIAZIDA,Tableta,25mg,CJA C/20 TABS,337
CELECOXIB,CELECOXIB,CÃ¡psula,200mg,CJA C/10 CAPS,338
METILFENIDATO,METILFENIDATO,Tableta,10mg,CJA C/30 TABS,339
EZETIMIBA/SIMVASTATINA,EZETIMIBA/SIMVASTATINA,Comprimido,10 MG/ 20 MG,CJA C/ 28 COMPR,340
INSULINA GLARGINA,INSULINA GLARGINA,Ampolleta,3.64 mg/ml (100UI),FCO AMP C/10ml,341
HIDROXOCOBALAMINA- TIAMINA- PIRIDOXINA,HIDROXOCOBALAMINA- TIAMINA- PIRIDOXINA,Ampolleta,10 mg 100 mg 50 mg / 2 ml,CJA C/ 5 AMPOLLETAS,342
BROMURO DE BUTILHIOSCINA,BROMURO DE BUTILHIOSCINA,Ampolleta,20mg,AMP PZA,343
SUCRALFATO,SUCRALFATO,Tableta,1 G,CJA/40 TABS,344
DIFENIDOL,DIFENIDOL,Ampolleta,40mg/2 ml,AMP PZA,345
FUROSEMIDA,FUROSEMIDA,Ampolleta,20 mg/2mL,AMP PZA,346
PINAVERIO,PINAVERIO,Tableta,100 mg,CJA/28 TABS,347
DEXTROSA 5,DEXTROSA 5,SoluciÃ³n,5% Por ciento,FCO C/250ml,348
NACL / KCL / CACL / LACTATO NA,NACL / KCL / CACL / LACTATO NA,SoluciÃ³n,600 / 30 / 20 / 310 mg.,FCO. C/500 ml.,349
VALPROATO SEMISODICO,VALPROATO SEMISODICO,Tableta,500mg,CJA C/30 TABS,350
PSYLLIUM,PSYLLIUM,Polvo,POLVO,FCO C/174 GRS,351
METFORMINA/VILDAGLIPTINA,METFORMINA/VILDAGLIPTINA,Comprimido,850mg/50mg,CJA C/60 COMP,352
CIPROEPTADINA/CIANOCOBALAMINA,CIPROEPTADINA/CIANOCOBALAMINA,SoluciÃ³n,0.040mg/300mcg,FCO C/220ml,353
MODAFINILO,MODAFINILO,Tableta,200 MG,CJA C/7 TABS,354
ZUCLOPENTIXOL,ZUCLOPENTIXOL,Ampolleta,200mg,AMP PZA,355
CILOSTAZOL,CILOSTAZOL,Tableta,100mg,CJA C/30 TABS,356
POLIETILENGLICOL 3350,POLIETILENGLICOL 3350,Polvo,105 GR,CJA C/ 4 SOBRES,357
GABAPENTINA,GABAPENTINA,Tableta,300mg,CJA/30,358
ENOXAPARINA SODICA,ENOXAPARINA SODICA,Ampolleta,40 MG/ 0.4 ML,CJA C/ 2 JERINGAS,359
ESMOLOL,ESMOLOL,Ampolleta,250 MG/ML,CJA C/ 2 AMP,360
DEXTROSA SOLUCION,DEXTROSA SOLUCION,SoluciÃ³n,5% Por ciento,FCO C/500ml,361
MEBEVERINA,MEBEVERINA,CÃ¡psula,200mg,CJA C/30 CAPS,362
ACIDO ACETIL SALICILICO,ACIDO ACETIL SALICILICO,Tableta,100mg,CJA/28 TABS,363
IBUPROFENO,IBUPROFENO,CÃ¡psula,600 mg,CJA/10 CAPS,364
DULOXETINA,DULOXETINA,CÃ¡psula,30 mg,CJA C/7 CAPS,365
BACILLUS CLAUSII,BACILLUS CLAUSII,Ampolleta,SUSPENSION,CJA C/20 AMP,366
PANTOPRAZOL,PANTOPRAZOL,Tableta,40mg,CJA/14 TABS,367
DOXICICLINA,DOXICICLINA,CÃ¡psula,100 mg,CAJ C/10 CPS,368
CLOPIDOGREL,CLOPIDOGREL,Tableta,75mg,CJA/28 TABS,369
AMOXICILINA/ACIDO CLAVULANICO,AMOXICILINA/ACIDO CLAVULANICO,Tableta,500mg/125mg,CJA C/12 TABS,370
PICOSULFATO DE SODIO,PICOSULFATO DE SODIO,Tableta,5mg,CJA C/20 TABS,371
BROMAZEPAM,BROMAZEPAM,Tableta,3mg,CJA C/30TABS,372
ALPRAZOLAM,ALPRAZOLAM,Tableta,2 mg,CJA/30 TABS,373
QUETIAPINA,QUETIAPINA,Tableta,300 MG,CJA C/ 30 TABS,374
METILFENIDATO,METILFENIDATO,Comprimido,10 mg,CJA C/30 COMPS,375
PRIMIDONA,PRIMIDONA,Tableta,250mg,CJA C/50 TABS,376
METILFENIDATO,METILFENIDATO,Tableta,18mg,CJA C/30 TABS,377
METILFENIDATO,METILFENIDATO,Tableta,27MG,CJA C/ 30 TABS,378
SITAGLIPTINA,SITAGLIPTINA,Comprimido,100mg,CJA C/28 COMP,379
ACIDO ACETILSALICILICO,ACIDO ACETILSALICILICO,Tableta,500 mg,CJA/20 TABS,380
BIPERIDENO,BIPERIDENO,Tableta,2 mg,CJA C/50 TABS,381
TOPIRAMATO,TOPIRAMATO,Tableta,sin dato,FCO C/60 TABS,382
DIETA POLIMERICA A BASE DE CASEINATO DE CALCIO,DIETA POLIMERICA A BASE DE CASEINATO DE CALCIO,Polvo,sin dato,BOLSA,383
PRAMIPEXOL,PRAMIPEXOL,Tableta,sin dato,CJA C/30 TABS,384
OMEPRAZOL,OMEPRAZOL,CÃ¡psula,20mg,FCO C/14 CAPS,385
AMLODIPINO/VALSARTAN/HIDROCLOROTIAZIDA,AMLODIPINO/VALSARTAN/HIDROCLOROTIAZIDA,CÃ¡psula,5MG/160MG/12.5MG/,CJA C/ 28 CPR,386
RIFAXIMINA,RIFAXIMINA,Tableta,200mg,CJA C/12 TABS,387
ONDANSETRON,ONDANSETRON,Ampolleta,8mg/4ml,CJA C/3 AMP,388
MIRTAZAPINA,MIRTAZAPINA,Tableta,sin dato,CJA/30 TABS,389
ATOMOXETINA,ATOMOXETINA,CÃ¡psula,sin dato,CJA C/14 CAPS,390
IRBESARTAN,IRBESARTAN,Tableta,sin dato,CJA/28 TABS,391
AZITROMICINA,AZITROMICINA,Tableta,sin dato,Envase con 4 tabletas,392
HIDROXICLOROQUINA,HIDROXICLOROQUINA,Tableta,200mg,CJA C/20 TABS,393
ATORVASTATINA,ATORVASTATINA,Tableta,20mg,CJA C/30 TABS,394
LEVETIRACETAM,LEVETIRACETAM,Tableta,1000 MG,CAJA C/ 30 TAB,395
TEGADERM FILM 6X7CM PZA,TEGADERM FILM 6X7CM PZA,Pieza,33Y3TM,17/06/2027,396
DULOXETINA,DULOXETINA,Tableta,60mg,CJA C/14 TABS O CAPS,397
AMLODIPNO,AMLODIPNO,Tableta,5 mg,FCO C/30 TABS,398
DEXLANSOPRAZOL,DEXLANSOPRAZOL,CÃ¡psula,60 MG,CJA C/ 28 CAPS,399
CINARIZINA,CINARIZINA,Tableta,75 mg,CJA C/60 TABS,400
CIPROTERONA/ETINILESTRADIOL,CIPROTERONA/ETINILESTRADIOL,Tableta,2.0 MG/ 0.035MG,CJA C/ 21 CPR,401
OLANZAPINA,OLANZAPINA,Ampolleta,10mg,CJA C/1 FCO AMP,402
HALOPERIDOL,HALOPERIDOL,Ampolleta,5 mg/ml,CJA C/6 AMP,403
ACIDOS GRASOS/OMEGA 3,ACIDOS GRASOS/OMEGA 3,CÃ¡psula,566 mg,FCO /60 CAPS,404
NICOTINA,NICOTINA,Parche,21 mg,CJA C/7 PARCHES,405
CIDO ASCRBICO,CIDO ASCRBICO,Tableta,2 gr,CAJA C/10 TABLETAS,406
CITALOPRAM,CITALOPRAM,Tableta,20 mg,CJA C/28 TABS,407
FLUOXETINA,FLUOXETINA,CÃ¡psula,20mg,CJA C/14 CAPS,408
NICOTINA,NICOTINA,Parche,14 mg,CJA C/ 7 PARCHES,409
ESTRIOL,ESTRIOL,Ãvulo,0.5 mg,CAJA CON 15 ÃVULOS,410
DAPAGLIFLOZINA,DAPAGLIFLOZINA,Tableta,10 MG,CJA C/ 28 TAB,411
MICRODACYN,MICRODACYN,SoluciÃ³n,S/C,FCO C/ 60 ML,412
OLANZAPINA,OLANZAPINA,Tableta,10 mg,FCO C/28 TABS,413
CEFTRIAXONA,CEFTRIAXONA,Ampolleta,1gr/3.5ml,CJA C/1 FCO AMP,414
